scope_1_waste,esg_investments,previous_energy_efficiency,recycled_waste,scope_2_emissions,current_energy_efficiency,water_by_source,total_training_expenses,total_market_revenue,legal_expenses,fines_paid,total_revenue,sox_emissions,hazardous_waste,innovation_compensation_recipients,innovation_bonuses,fatalities,co2_emissions,energy_by_source,revenue_by_region,innovation_incentives,total_fte_start,age_distribution,scope_1_emissions,total_suppliers,total_water_consumption,total_waste,relocation_costs,total_capacity,total_fte,total_energy_consumption,customers_surveyed,voc_emissions,total_customers,total_capex,new_product_revenue,actual_capacity_used,nox_emissions,fte_leaving,product_revenue,political_contributions
63.81423326129856,68.06578222191067,66.88189682206314,67.40836770240635,63.86637758188592,67.6726831044442,67.90699367290053,68.48882871818066,69.93131846271582,64.4259912244278,67.99708461221307,67.80828162699068,66.60045336126154,67.68068857610434,66.76030796354299,72.10744008375296,65.60453674718256,66.16864700668609,66.12799388735779,69.15514563390666,68.4653002939652,67.27150356720232,73.665851017024,65.80875707192267,65.82806278792626,67.71015101127593,69.78505242096047,70.24310364252901,66.7156170011833,69.85565784719124,65.84327983491467,70.39146830013414,66.83256490697451,69.11438540689473,68.30763540517628,67.07038593587366,67.38122372770484,68.35243546303025,70.25710214329095,65.7499701159079,70.94198926060528
68.26205491414615,64.99397305455476,65.82712932705083,69.91477419594331,66.16013202527738,67.52105497990622,66.00555948754975,66.17716692244933,67.97516850032,69.29244592080218,67.73779312495193,68.74272798300984,67.21799529914466,70.27011089917788,65.20631248750175,64.78290423187045,70.77849666897065,66.87384092992039,64.45544819130421,63.90752414543504,69.34371372358012,66.18268469795069,68.18596779011617,68.55787456677072,63.458011786762974,68.65225241911526,68.47940674414751,65.65177566249908,68.72474176230837,71.04130794205169,69.07498193633577,68.9730812182461,68.6689417112678,70.91838392792782,69.86071825523848,66.64185975054089,63.98603661343056,62.46124547094175,70.94403224649092,70.90224131943506,68.91744977504182
68.29363970907423,69.33403873276566,68.98484975527079,63.798087103514426,66.68746735022938,71.84748696133599,65.76478560530897,71.16665856646577,68.63811758192755,64.22744790230834,63.86370649547272,62.65274851357704,69.07290173458499,65.69920119947317,69.31541431893137,68.16928191009616,64.76793701103497,65.32620114890467,65.23857439903117,66.2545449037584,65.23641110190552,70.81613827311263,65.11228108523629,64.11562604927111,64.06454301514765,70.83377836842928,66.05587687323886,70.1189984643978,69.70875977419705,71.68515813782665,68.98313945293079,72.42609476324951,66.58450942494432,69.99369438116413,64.60274925052389,67.97162782797017,67.6083805323721,67.96655023741802,67.4313175011743,68.3463838702576,66.2303305030688
68.12231237021365,68.59967077841699,65.23121078494745,71.32098879582496,66.81901353467397,68.23829480997081,68.44465383323859,64.18427797869667,69.06578634315235,69.06195922721288,69.5097566822768,67.35019980093661,68.15659676074782,73.13577833302153,69.39163325032393,71.13956124588557,67.57177663439029,63.62193933365798,71.76078581612009,68.44112412822318,66.64389920036467,72.69265467092899,67.30182689886878,70.02093448209754,69.985985866255,68.01843674057795,71.44619794079766,71.36298483180991,63.3524364483539,67.2491306630702,67.30304531967762,68.86936728302501,68.57423437807795,61.85125983577341,62.996218273524725,65.36616977916715,70.80710498573895,68.51635354193883,67.762929243593,67.90899565558288,67.51530626097079
72.08794355939932,64.17631267614318,66.02025790207666,69.6021083583237,67.0798692988381,67.07903800658346,67.40646113123883,63.842244432224554,68.24809703821828,66.09633543497034,65.11386793056921,64.0522609851096,68.97587637927862,66.06383954207885,65.6303713101395,65.84442390432629,71.75473845434287,67.65022306897808,65.54199904435852,66.09301261731036,65.82193052877241,71.30638399038925,63.346061562292334,65.61900009245915,65.24923668511208,71.8054616868022,65.07982225530627,67.8451422997761,68.55498065465193,71.8440622426271,66.1892900606148,67.75992880103155,65.09312040332327,69.87111461982902,72.62317285997132,67.42709582657892,67.43018180246527,68.91593240259343,70.32750790701405,72.62713534967901,65.04780757513124
64.95136818771792,69.81120259941045,66.30540162493473,64.57289665565608,70.16647745317731,70.28147650595214,70.43031503691434,69.21663852472118,66.5721273488603,67.5397496189147,65.61662929797284,61.358683419558346,61.14397278394367,70.31282629072619,67.1050113705062,67.25456389017224,66.97982645929791,72.99900500630659,67.94164575155833,70.08869857278594,67.77660720780042,67.62611224273626,71.5271831180344,63.70446901495628,67.89682292183961,66.10477914203575,72.69480907461293,71.91281328589925,67.41062821198477,66.78246630777666,70.47288017252373,70.25206754064199,67.411095818325,63.41989784253099,66.23531733901336,66.55413275140342,65.41012906408595,65.0114297079059,68.85945395272987,67.68732068434593,70.50242891207645
71.54149814711124,66.98034947417561,62.264186492112906,71.95227435112332,71.45189860400254,72.80104934979917,67.84723830794056,69.15783297125505,67.67797693715954,70.30929704600811,73.39801487412119,68.27887129424391,67.94596383974594,67.50068890694415,71.12063701991559,65.59813654253276,68.46353433252675,66.90894809326959,66.2454890623248,67.73091163849617,65.81524869947258,68.73372498588087,66.9841506602789,67.08932503601699,65.4545741051495,68.7427779267447,62.163496582909985,68.94512419935408,66.3135251495411,66.63979943564138,66.87469182677376,65.76987640764605,64.97710965633938,65.83901972688375,68.5612188036588,66.98955004418612,68.87514157432845,66.27245940204318,65.16152856028616,71.23422791075296,68.3991747498758
69.43634624077455,66.40262886227069,64.91019388820979,68.4499315329356,74.57744715911855,68.99790982785774,60.235717438516986,68.05628970779786,66.89336420253537,65.27222167639253,66.65434684313509,65.5989085825849,68.68198063347123,66.6183111584981,68.69448912369565,64.65735837942022,68.61813960823935,69.56012028727568,71.04714049827616,68.69862315290966,68.78524271013227,71.11210861636883,69.80402165134377,71.99759262716013,64.88533767010006,65.77474156980766,70.73938022423174,68.52625309979877,67.67149135822615,69.34545163285196,69.0965785966754,64.59813568989048,67.01705401661957,68.27068222904387,67.3732372564724,65.46859842592703,66.08970997601321,67.01346674844193,66.36658441074383,63.90393828766679,68.22874760057914
64.91473974145146,67.71729257815602,70.8777473637642,67.17375299182932,64.89570434600431,62.775492065795454,66.28554602011157,69.89864422787332,69.55090264873776,67.97707352231535,64.68464214219888,68.69253727782144,68.4198094084785,66.26555000323543,70.36111206953083,63.781802730750755,67.6221020295501,71.49790769020541,67.35724681438609,68.29165586370709,66.97961267700245,63.91787707048484,69.43378149900293,65.48676351456805,66.53644911095529,65.41196762194836,71.09693664452209,66.57057654462031,66.79832724083067,67.94583106743396,70.30623032618264,71.30132558604504,71.5948475336018,67.57570262595492,71.2806752655,67.32353258789797,66.00813089710493,64.14357474649437,66.86538789821618,70.99802411916416,65.94737478274145
69.75016164501379,66.13953312093585,73.0707022377208,67.0303559250424,66.36376172272072,68.81073938865336,66.42244926533955,62.71164658161546,67.06437815583267,66.49698793007653,68.9480788704026,67.08827402472212,64.72538934743253,66.44429950730425,67.14526693077991,68.42497118959623,67.11316148882435,64.60683394183032,65.92623465899912,68.34609753844275,65.57276704100087,68.31961044250582,68.1810449636798,65.03803350064376,65.52009902472032,66.64088298062579,64.86428569710706,64.58920492138476,66.84684485107937,63.87840783213078,68.4197897132635,68.68936065385427,62.43410903648836,70.58562991260229,67.58106994685751,67.58976579205068,68.87761044929586,70.43417285173919,66.02960886328844,64.18478597074116,66.69089015412993
67.29795805972705,67.59739991420317,66.70377333469456,66.16552318344151,69.80532941447453,70.55593286845274,64.59934722410405,66.60173393148422,67.7677171586357,66.02209940893263,66.88812812387214,66.39211734892307,70.52899739941108,66.77685301816922,66.27711618306311,67.79101454453594,68.89285865282048,68.66612384277974,66.09084430529566,67.66698222960635,64.96265855104852,65.4349562046371,62.50289030422637,65.17668159811618,63.71913805032023,65.3340595384094,65.22311217039962,65.51495072117183,66.72230194101364,63.24798521424327,66.04762193695335,66.90954758556063,65.92066275123456,69.81147155085121,71.0855315632264,69.8705911858044,68.81719713140404,70.22890868931343,64.98145718451904,68.63647690972438,73.47731351250539
67.46362567722383,70.52318087968212,70.93462812426996,69.23182844565831,65.9985752341479,65.37386848309592,70.27212980140911,68.78775109428692,68.4085586027974,69.22724174792819,67.48514940794057,63.195980540530286,64.43648839714778,66.3965958115924,71.56443794076041,70.9164749873609,66.09403662763663,66.62271216543162,65.26847016294636,68.95847179216464,68.6624800502364,64.73829173837456,64.69121545436087,66.63309329310617,66.05336377663276,69.88938822943005,72.3021143356377,74.28682850943767,69.85716422505999,63.22328348600057,68.23592957821762,63.68119934517195,69.1839062810129,70.10840506946862,66.69888111442658,67.67266473749233,67.70354027764958,67.37501185932702,65.864651251909,73.08414245393709,63.55453850242772
67.46356570454238,69.70443711658872,66.46981310629796,69.68115606186382,67.86729159301586,67.88734156409366,64.77254076003841,66.05237253598233,65.07939105752641,70.48245116507132,68.87485228859343,67.30289218979598,70.11727222685188,66.01060325619399,66.52136788018232,67.47908255079577,69.40421538695938,66.18294982321287,64.74433703544312,67.68445334445852,64.83699633692456,65.42112306976229,63.41954495932856,68.1881406598159,72.24476441385428,69.95020809862756,66.17260276657366,67.81957911131447,69.75901373438109,72.08297397428811,65.60620391414379,67.97922011158256,66.91429554577435,61.70822729268938,66.01942522728099,64.48975861250644,66.75821867375089,68.04539694970204,66.39791341668206,65.9100062285521,73.34297211217022
69.46279940021746,64.22199284114843,70.79599579365731,69.21032615919866,72.15925655148816,67.1348944607619,64.459848357656,68.194326673013,69.00354687013723,68.13357118420225,63.4001491614321,71.22687042974654,67.27080043586659,65.94579799692069,66.88519366539231,66.1192628442178,65.0468347401139,70.42250951975467,70.54893114770144,70.37691154980912,68.54940167221646,63.32441356161757,62.32811839097285,70.8323403839621,65.58261334203974,65.13195428938657,72.39826715341991,64.94479405044308,66.98106779024724,72.65642927517474,65.65739981625076,73.02917321297323,67.8204280281139,65.55473706452713,64.3783945772896,69.29811311432448,68.8327161869136,64.51072472056305,64.84432574129671,73.87693153747236,67.5824133645411
64.94734448648832,70.72128062624213,66.60680007865093,67.26301756747277,65.86903659352464,66.31023265846328,66.57043356976581,66.88462248256768,67.6415494722602,68.79326788223679,64.28661060485446,72.7274063114994,69.38713233834696,66.63025247722916,69.46353245828607,68.0369528122433,70.59224159429218,65.00885712468217,66.90016079716757,69.2975576328641,68.10256202779341,70.48816182872488,64.64705192522355,65.26380517508326,65.90729620244382,68.4300506365445,65.1335527131967,63.80906280248303,68.42982628217247,69.44065811502428,67.42776749728982,64.8952355303177,69.79488705104907,66.22939077275332,64.57426946918977,72.34998081970885,71.82351012314851,68.8463539548,66.40639156723375,68.92991879621887,63.90771499355347
67.16328158685805,70.2616954241216,68.38662508781806,66.1707550400273,70.47739352334911,68.73103153507205,65.7173146842328,67.92115564318944,68.40352116547903,66.42406452208914,66.0187914587465,69.95951849689233,62.319713600371074,69.38139452542705,72.22667648651895,64.44098275422107,65.54883717748622,68.57755931902656,72.91153429230819,68.57668245918438,70.56153323331614,63.46639167583592,64.60778952474747,68.7596823594109,66.57271373261362,64.65397225667826,69.5507239408806,73.00485184415794,63.84045705692688,67.74540763720132,65.11926336952453,68.71871804901802,67.84803912606749,68.04161627465277,66.15907259441838,67.4387154205395,68.40346166585402,65.51510488757692,69.13203520765244,62.42576896957598,67.3757714763816
65.64620823095653,65.63672863775918,66.88919620950696,63.1221345567306,67.81971875880215,69.84783616037546,65.87514745604423,67.91364008521347,65.42971838660006,68.49505971545696,67.08806417397669,62.701061312787196,66.08062940511851,68.9903043716502,65.22380524576386,69.09803844297802,65.89611397921269,68.57853494433158,65.96319515126132,66.29967706831508,69.29922708662839,64.86660407489174,64.33116686225166,68.28299176375106,64.83962024498754,66.54435157409199,66.6391503942677,65.50239557136194,65.2954109140587,64.44469565382134,67.74087781794029,66.87515022566954,69.588208235726,63.19561236814259,67.53050349749363,62.879771330420986,65.76974946772931,67.41718824904915,65.13218520687283,74.91709324615354,69.69126155915382
66.44997678292941,65.40075298423011,67.7878199200666,67.61940949476188,64.71696317150023,66.63295961565682,66.14970934262702,65.10763982513288,66.64161236804902,66.69755631305789,73.05139753712116,67.8681535680973,69.46813428912115,67.2094919560047,70.94264085208617,69.1278985323254,68.6645382325149,72.15753200627654,66.23498361372789,69.4157769956468,66.18748220369693,69.10799880850092,70.329493805088,72.87002278278412,68.27076130071215,67.0201788916744,69.90559846185687,66.20376463504401,60.976520991802055,66.62474186062909,68.22428405247776,68.93742396406778,69.6521892615051,61.761603675,68.22207630382205,65.4035365284919,66.94276460967457,68.75744930485081,64.76217098883855,70.27318729863605,66.61017775776297
69.3479854924863,72.3530966430329,66.49122670083017,68.44670697427887,67.35368378832786,71.74549681278599,66.48182434980963,69.91367877527502,67.60740395563066,69.25505131592946,69.15184619392284,67.35650228598324,66.5290999119923,65.04439501508999,65.30552486847081,63.7628871632559,64.4428618155251,66.84492565724989,68.24773806149013,70.68298509252259,66.50890846349805,63.536498102420595,65.1212685329106,69.43152642282068,66.1126396180031,68.76161532697405,64.23691492167266,69.16842480609965,65.24720093153618,69.74748100897567,71.12057129802763,69.45171984331202,66.2960042947789,68.93234779498826,68.27050580390247,70.11955751878426,70.74196648839087,67.14588949885409,70.57443178447059,66.32210952673971,65.2133773993313
66.02217860465191,63.8508974525945,64.72891081161465,62.91945578662506,71.96800394971503,67.85318013562512,65.15664680967258,69.54264651951287,61.661103365834094,66.72601392785081,71.84091605706342,64.94805314547224,66.31503567759697,66.36719088034538,67.27191259184727,70.64178798026765,68.13994871688868,68.63325358468373,63.55151318067851,67.06607613656683,67.34401540286555,66.71000841793779,63.40033722379165,63.24021969185113,71.78592573072291,69.46842441978214,67.48640723578544,65.17354389561636,66.91820872925375,66.06442157093171,70.06935742895824,69.0569047407694,69.5580328164824,68.27295381115299,70.8292463779618,63.3683988418508,63.6998096862199,68.0873776120012,69.916751813527,70.71087340138887,65.8229001393126
64.37711276754771,68.0368277708668,68.72730208598601,68.70311886194493,70.25161691487995,66.34752587196698,67.39928275306973,70.25316820893997,68.38076268867765,68.76394038085643,63.51853229518129,69.05246254859269,67.76855081327504,62.525720936839065,61.607623360312154,63.98394050834076,63.99169665103012,69.20794889599084,71.88336227876691,69.77939238083273,68.712175491733,66.42125556610455,66.15409370250995,69.46000782884812,66.99724387411214,67.06636222257346,68.24033746655144,69.12270064468522,67.41882278150626,68.75559076985843,61.4165100359655,65.68492170145372,64.75972293681106,67.71149445011852,66.02711728854413,73.07635455121493,67.7958487886323,68.89272174237009,64.17568569837702,66.5311694857405,69.11733225864032
71.17555571077399,64.99638994569014,67.24278427952979,67.55710492556753,66.80826380038827,68.85016175146218,67.82265399449949,64.14936148063727,64.10462648265217,63.50029834520666,66.64648665125392,66.34536294009875,71.09446052305552,67.21929067078294,67.53953466750059,69.60998151191905,66.32485723106642,72.19612140621064,68.79133055115165,74.15465193096176,67.06083689382109,72.24157875693744,69.50362237716787,66.49318890405532,68.10140953937457,68.13474067658746,70.0975646525788,64.68090994449285,69.32232289738772,69.1386305395526,68.90440823601818,66.18606501421125,68.87649684330341,66.52012012909876,72.8706541570082,67.30055059362203,65.84375021288933,70.06652725782398,67.4433681687803,68.50043557285281,67.64851344605738
66.51341681143576,68.6196845445957,68.6712670651582,68.1622398207039,69.74486168075487,65.98522645876322,67.02673670984069,70.94107699431197,64.16902305748759,63.24500936733516,64.18305898212476,68.53575248957188,64.67245652653781,67.2004825002367,65.17738832334189,66.65116905604981,70.40272868636606,73.25502475727792,70.64731498424545,71.87915533056682,65.68966510886433,62.81695894930455,66.2920138915639,66.2676858289947,70.61220028173943,69.16372962695748,66.55627573645089,68.80484573402246,69.92484625741317,68.20426810123064,64.35807748978462,63.323806097457954,69.04122767525593,67.07231698324468,67.61643560723185,69.33300191792941,65.26787727187761,63.78989176778067,70.89569006566173,65.35744307980326,70.2135751699519
67.13266935794168,65.53173158210753,67.40448762164715,67.98919501775846,63.77008066876481,64.53465238199357,66.6465427186226,68.66907129135154,66.50048591268849,66.93007510696,66.67782656615759,69.91206633153104,65.35241653833224,71.52314018259882,69.70061093135585,65.75133385445879,67.96045788499062,62.80737197873541,65.85515190039497,68.7732867144061,63.404440275233235,70.21813360913399,67.8337364839232,69.94722616582527,67.39766685713734,69.4249160264989,65.6306786843256,66.53738812278097,64.54074512985828,67.76900304670855,67.8664791412093,66.80477497746513,65.81072473141023,70.78164503079608,68.82419765546541,65.27200930340965,69.37624080902802,68.49591113770357,61.26544665836956,69.89172114320083,66.58771847645171
68.4267108002471,69.60865708031126,68.27237421017695,68.53538394678247,65.94278332385258,67.06199375017856,66.34807411053791,67.53258458421585,69.72925696453476,69.71586145369793,64.14320821408607,68.15999750802132,69.4477067436097,68.40457563180584,61.09901600113447,66.54279981387126,65.82481227293707,63.98801564049132,62.82859030312643,65.0560462987303,66.1024749492494,73.06577214000325,67.66485255904121,64.88713006345094,66.05648220654913,67.84000929739584,68.19232939289459,68.16448174563381,69.47651285970288,69.81727227553687,71.4562518702997,61.58313948416285,70.23188729878996,64.66273907718428,64.3931881296639,67.95252017376043,71.05592875705334,68.45283441524036,65.0280696851055,66.35391425410194,65.74376063767727
68.091900542409,66.36222900892653,67.03444533408437,69.2196009656628,63.20645641698907,67.48627207615546,67.93095249259612,72.21087826037122,68.3224478289601,69.9497417495251,70.30194232603556,67.27084363179361,63.70062048059527,70.92247641448762,69.75998984486293,67.15247374648877,65.17464924967913,63.45243212680009,63.5336246041018,63.911654012351285,67.87568803996587,63.02723597849292,63.63068555075456,67.73439088713432,66.89377277038616,65.70890083423114,63.97938406727987,68.24664828537894,75.0,66.79666044224209,68.7380191582847,66.7813129439599,67.46294426187217,66.8736805271123,66.73057043088784,69.90552229845525,69.77482222077656,64.9137145310529,68.32509823703012,69.09245599578576,68.63902384465307
63.83463511625275,70.77546841794636,67.37021570247799,65.61569174830315,70.24484167070479,65.79697095191817,65.25942620854815,65.9103452723187,67.45998877506635,67.25380448617804,65.89983408575162,71.90718076240165,75.0,62.974214375616015,69.99518350393043,62.88650611770178,71.96032447280307,67.13780580118168,67.22292368870315,67.81310255031377,66.15144665708965,71.09365455172328,69.60182697347787,64.31134665118587,67.19463150331183,66.66080467173899,68.87601561282627,66.10229555621201,65.02859475239985,64.52842074532995,69.49672196898075,67.63871726465366,66.77686215102956,66.66144328237004,65.0440948659564,63.59705092784146,69.95785646210946,68.19024734355541,65.69149088091304,71.12506541145525,67.99923265047238
65.89083559371866,68.66468054776273,69.31882690318952,73.24850869661097,68.92880351611286,67.83449309458301,67.5657347749847,64.23043415267837,67.6381689405348,70.51175826416367,69.10368712850907,67.03420797484158,68.85623197394679,70.15880158347902,68.22528159378518,71.55615535300808,69.25214098365144,70.08258744107479,70.09277471707124,74.3623758685674,66.96990793879196,68.85510750869298,65.70108056388874,67.39590106334701,67.10033081494302,64.96319890981124,68.85448952862583,67.46740228677356,64.06527493169409,69.98626556957764,67.4467187718115,68.28616912117553,64.15927139067274,69.50062888883777,71.36035881755976,67.5566765201226,70.79930557612472,64.5895821879549,66.83230611452078,64.85998984790804,66.74827423939644
66.42961194351692,69.753923310198,69.33083118913035,67.02029976812027,71.5548800274254,73.52393805862832,68.91742425488167,66.96929825334354,67.43811269982635,68.71041461048725,64.5122360695657,69.29791176313961,67.78137702035781,64.27591631094911,65.26662484479067,70.58223005204944,65.69671819705783,68.44960580353542,67.79662080034574,67.5723997952528,64.10439489912487,66.37889954019239,67.64987868261782,61.120258409063204,65.74161027113055,70.19080086788226,65.98658702299475,68.73673897939824,68.79006071618817,68.70139140920762,68.81919973420744,67.97625767582066,64.18389955575489,64.7802305413462,63.76677634270412,70.03977858159489,69.45913957614844,68.86356556571319,69.18619705712601,69.54408415234232,67.85585378101122
69.22343890261864,66.4656248219165,72.35968869442745,67.78717802287389,64.11161861601857,67.20486406951714,65.80171229773286,67.23037369408581,71.23979426715357,68.81204474634723,66.12203086786036,66.57953036299104,66.34096180291226,66.22100892899637,64.96764292101355,63.97662092727359,68.08319742651436,69.45821407954914,72.13935971822565,65.81908223939797,67.25395225310437,70.95242743386136,66.4467845012218,67.02529941955133,65.39990683653974,64.71933877913719,65.02871060463266,70.49004356030053,67.70498532989598,69.28999048208262,65.51885747280221,63.739710904927534,72.37529803429995,67.05111410375974,63.78563113628204,69.99046556569866,70.34566663715523,65.93732942934409,70.65846561939071,69.61575502023537,70.04497481404941
66.87949584704552,67.64675400624732,69.47026039151473,64.22698111721195,68.16652316603829,68.51956082569657,66.73929733198463,65.5232313528176,67.85732343056668,67.77851130938866,65.44012715187232,64.51019620986456,65.86295480736437,69.5453768022163,68.19620533642033,66.06964730574465,70.35579653775032,68.72445864156555,69.19453976943092,64.90229340081639,73.33267367986197,63.7950621497368,69.32035129744517,68.02351018203187,67.28529143559452,66.10690674745969,69.34559378274126,68.08725528263092,65.69235895975024,71.51336051877082,66.95868329391996,65.27153572708096,64.3253106289754,67.91096167754174,67.80512186819912,66.08648692935797,67.01798399158561,69.18704374459216,65.56390841435203,68.24510298506506,70.13429012638352
64.7993993219148,69.28205259645233,64.63383941942877,66.52532596736143,67.71913599964381,70.76747481003186,67.54257083908507,68.07294917360288,70.22098046666032,66.58262972246104,68.00689578182296,64.05351105221865,71.10272841712913,70.09248468444936,60.39371893925055,71.13595003611235,68.57767072247823,66.37334424173713,66.79846937179236,71.52670902268416,66.69481342996708,69.46019652637425,65.25523201194393,69.80278530648819,64.755098804084,69.32516838623165,66.83171055969241,65.41026310471581,70.1456350740879,67.25110540317363,69.93483784645595,62.67573781806372,70.1733612535054,66.6634207574087,70.39090443533667,72.05931233259099,66.5286728880215,67.41431360715825,70.18223043109732,65.64178029356424,66.75427856972802
65.77992058133988,68.28456921433835,66.95573629479713,66.37764389967779,67.93169860082236,75.0,64.14302478972492,70.1801346734689,73.70694168421865,66.85205994014889,67.92706360350344,63.39736568738146,67.89135337815107,67.34668567395688,65.98145657650593,62.48786720069908,68.57730516414499,72.85548384139818,69.66043863392818,71.25363593726352,64.18729737984302,68.0297460709814,67.16883870908809,65.52447436996587,64.77710048668585,71.0066213906086,71.39786796843455,70.92713159775985,64.17462814561524,63.69094678384826,67.44762665922275,66.42813567377324,71.30676421936123,63.60926406871482,67.93321950667625,67.21632840552185,67.42178800822771,68.83146942576526,72.97483527606106,68.376411415057,65.10591808339754
66.86065930572677,66.85810010008876,60.85488385689312,63.91607693590893,67.16703276934636,68.00853791833902,66.72417552006296,64.41527333444503,65.71422420201834,70.96726254208207,61.60824946466299,68.63457432344006,70.21349531704364,71.164132711213,66.90709678363216,66.37180802747292,65.46855607430449,70.5270117908751,64.07884143003872,69.32466939895076,65.86543685932239,68.22632501941287,65.7429731548178,66.16708426959323,67.12561689917888,67.86265046994222,66.94870841039742,65.57840332856124,66.56236599445513,69.67386714781175,67.64466222471594,71.40440229217364,65.3509039042633,64.98175471779366,69.41751238239704,66.61674327641771,68.71197119535788,65.65987678247986,65.1279305562382,69.90907745339605,68.2708340214272
66.64431479322994,66.33830362284125,65.20449935056315,68.9933578366501,71.82781885764852,68.54220386972129,69.9217023971488,68.41120904425725,70.49753837661417,70.165658533382,70.160711843576,70.07657322699296,70.71604271901433,71.23611164624107,67.97271720178533,61.95908951352625,64.09433889338541,65.22208508290983,70.69271213094507,66.89273070956506,64.522194113043,67.62056548788016,72.31598374339208,67.61959249792822,64.35190384665344,69.64788981131983,68.60008127765701,63.58468113041986,66.75729681491983,68.00103115564552,65.9189093279463,73.63366409954308,70.52658301548902,67.42614632553266,66.79229858660067,65.90286182286118,65.48630178866073,67.09758879805524,66.97235962742147,66.57340982065443,68.63327243686204
67.18985901685684,69.9208843774338,70.57850581720952,70.03349525484494,70.29847246917808,71.38963996779836,64.52987121868877,71.09952770809569,66.60492496166718,63.8282395951033,68.2653045250743,66.63781911864652,65.5085808524179,69.42762696425602,70.98518893539202,67.88749258116253,69.02758403715832,68.68977904415952,66.13101031398129,69.57571320085496,66.01737607933981,73.0994697499366,67.95558621973778,65.72316353456044,67.8081589656472,61.96379165174091,68.88680073934316,68.49772766422932,69.7268258827018,65.68626014247548,66.35478344217175,66.97077620269764,64.823320341941,66.1339752215526,64.75333566500352,67.79658111132754,67.80017441889163,68.08182289645222,64.33052111399597,63.4648730957045,68.6222037729741
69.06878449790742,67.43414587192284,65.3523862335598,71.408168474407,70.02243311825397,65.04870316927123,69.18482954369358,69.9032896962048,65.41146481197786,68.26386598914725,64.19922421990294,67.30600103101368,65.16735822359942,69.16632193671069,65.94179099232183,68.23384920006386,65.65398063933924,70.61587559220987,64.02722173211181,64.93624707013771,68.85513127725532,69.86473198190063,68.04326820513933,67.75907861287934,67.46121219057454,67.23398718768536,65.6353607424635,66.38519815737507,68.97854604593678,66.39808320817221,65.51186091407052,73.11490415906803,71.10260741025405,68.15442527759255,72.59500419945772,67.59408828815386,66.64283498020043,67.65071378023578,67.13329484909382,64.8790213281652,67.55305173241946
64.57795475589889,66.49016044435335,66.75394119449227,66.62942058917398,68.11503067409447,69.5906779232456,67.05253461412794,66.8820733159339,64.38337775181938,67.37341779460748,67.0687135384123,67.32585308354136,68.46583206714047,63.38624814033755,63.93998037008779,63.95276724477229,66.01054827143781,65.155523913317,67.32340299574325,68.12620261911482,65.60400064141508,65.14868446898599,64.53305555846119,66.24995960491454,68.28699214701614,65.48092281456674,65.08991878334339,66.15063836448898,69.44722876099534,67.50157596326308,70.86575433790182,68.10390768095199,64.13899182981304,66.99399194977369,70.17368123395009,73.68268196671869,66.36350822335974,67.4126050065683,65.79223980573181,64.66816815168224,68.71111315387364
68.62174930409941,65.09786662166321,66.3337057791182,66.72146788405496,63.10037236039002,63.473023150828645,68.77176522738903,69.3461431044182,65.06019461344935,63.701284311738014,68.33988656964183,67.87379366228933,65.67137310300778,68.40340008255686,67.51281727002178,69.53398018998743,63.914943703324155,65.74774165707822,72.20169352115043,67.6508080914746,63.62403025976814,65.65047457576178,73.18846385302814,67.0028513485598,63.73391929450586,67.25049205534826,71.7336033916328,66.47342168320687,71.23076694676149,66.60074972853845,63.67966610647633,63.04953718665878,67.73397001247457,69.76332557522403,65.70110252686484,68.40296748267848,70.27185661941834,68.88365181158883,67.19028554773688,65.9885645333445,62.9717652517517
68.15786102486418,70.21331990666623,66.14513784120768,69.17022399366788,66.30714317483098,67.69880487409102,67.45041751814861,70.01047028426039,68.29869846398371,67.94530149384539,69.02729732824622,71.51779039918915,67.86632653788323,66.43071839174193,66.47754972073534,67.4773352603445,69.91241447652824,67.37308899411049,67.2587293080138,69.69302947117998,67.50275374952317,67.69290694324835,69.07343687394798,69.3023384814506,71.16986437946105,64.0622331143299,68.31891004991992,62.74986625370437,70.85411768165194,68.93447757615348,67.76357076645208,64.60359481527645,65.71137349232646,65.2791138272861,69.17698721789216,68.35003234083771,62.98110596094541,65.09809142823327,69.20545540778316,66.90057942786544,70.39434177235223
69.21653350763478,69.58589018036952,64.16206684919946,66.14204778428953,63.782760516719456,70.69909027436739,64.93516160233206,68.5696927310604,64.41173719865695,70.77462657250172,63.723353299765655,63.98900167258222,66.16486347119705,67.43021540757431,66.75776680341478,67.41537653757686,65.31805581905599,71.13235559056965,68.14423022369314,64.30410646864412,67.24568784655453,66.96891691434992,66.62568417340559,72.4103973528236,70.35242761023831,68.92004851526913,64.86721018810982,69.01620579325031,64.88503202802582,67.11015590499154,68.41628080308308,70.71472811006933,72.52868237282667,69.67960448594614,67.56090736924499,66.94929974543679,69.01248640975513,67.64747803008487,70.26154743665239,66.29543409209299,70.55637820166321
69.08836617543781,69.1112854905038,64.15310940176802,67.14033723767433,65.12653787515622,70.82833552177854,65.24887325745513,66.2287697175199,68.80833329114088,65.41747523214906,62.466029954804505,71.26856695604184,67.96222812878462,70.0766261292465,65.01315966498423,68.98486735827716,70.12234623531934,66.44020094212327,66.83511420570109,67.21696068099604,67.72033560413658,66.63144450453828,65.70697700808513,69.86496059933631,69.38541600816897,67.41633257335458,66.57921974217925,66.7763974037188,62.863340591560814,72.06194168013383,65.19440753162891,67.53496400349566,60.0,69.75180699935476,68.24034043056436,68.63401520612302,65.38596389003864,60.57962655547811,68.22745976220459,65.6705062289627,74.276858186483
65.39492572582961,70.35311179286984,72.66880033928047,68.95914330550183,62.75623232587418,69.43025715403394,71.39168265515556,66.78315857359415,71.72575752182433,67.39288278679777,66.98320426698197,68.1303041251015,67.59265609496298,65.68375255379335,68.4136280225025,64.93552025772573,64.60923406029369,66.80172324902986,67.56866372966569,68.61493723645663,68.42088544889437,72.80159182163933,66.05126908061447,72.33962121586806,68.62489842715465,66.55035777529235,67.66136776099191,66.57113341502851,67.5464733217868,70.65124324112615,69.21156601617598,69.1226764402305,63.36786144342453,69.67414741837845,67.23152570439312,64.71816971298306,70.36281379220934,69.18710375202659,68.3205580817673,63.86312820420615,66.97685114488766
67.88924902816065,71.51628682171315,68.97245754147323,66.61702091147741,66.76778203810181,67.88373689722216,66.56535384354414,67.78662707748629,72.937198469273,67.56845728332137,67.32201448773631,68.98566886959547,67.89636235644852,68.12151410798788,65.49372075718126,66.0922491908254,67.23419125938098,70.3222197267315,68.31268956108414,65.973037639095,70.25095169460356,66.41256816853937,71.46901939057683,64.60850806203577,68.6243751042056,67.02003759041318,65.82851563852493,67.01337440589126,64.17527854421495,70.12374393450008,66.67351639272606,64.81567667595044,68.24410559453527,70.259939831911,62.546525301652636,64.39474026739332,67.16065920637521,67.51737149171679,66.55230115419013,62.64238933396936,64.56119207029047
67.56461332926392,68.8475780664725,63.74467798282377,68.28682791373613,65.50387116250735,65.50081064223596,67.73469103538932,66.06948545816769,64.4138543372578,64.67738908881189,66.39478104056663,67.34883227759482,71.51178856177411,67.96841614271587,69.1339578185655,66.04359715332961,65.80310847197569,69.12975178285237,67.7848734864516,67.20118276900648,69.65876828274,62.0803122053777,61.45434010217289,68.0968537687823,65.53638480668727,68.80874148951524,70.24063772543873,71.79219467674461,65.25305263576043,66.20080862645214,67.90894142012831,64.64897641175989,64.5738718801525,66.5183274876852,65.16149605414111,64.74161107554073,69.35892037562158,68.00468585997628,68.30534996605078,69.42283072305847,67.97122272604088
65.55855743052572,67.27355105206831,70.51813964089754,67.16356284860518,65.88685864380624,67.51555771693695,69.93294682882053,66.76798022506291,69.9878854466001,68.9933973340223,68.6397887524712,65.28216215835815,68.71360529455495,64.08150398388221,66.26623158354545,70.57119046528418,64.51587081386542,70.63080977052715,67.43876591759155,67.05159589165568,66.8258620637468,66.8593983799349,65.68486924616789,68.4113067027383,70.51081615800076,68.97067152465821,63.47841774740142,70.1020213039086,67.10804370687107,65.67480085490973,68.33762674033022,62.71705066460918,67.25161886296233,63.32862016039665,66.344576405142,66.23810291272501,66.0097453053068,68.82668875399439,63.50156143437157,67.92389674532293,67.33235460022779
70.3265304222457,62.20375053043086,69.35430621249431,70.20232804114569,68.43242677375406,67.23431305652514,67.5901086755935,69.00964425186598,66.87168744018074,70.25723232970843,68.4648708277237,68.92622064546032,67.37698564154601,65.44925737613693,70.38657710390538,66.73490758363852,68.04710197769204,69.99703414185929,65.8001025628005,70.20995263718257,71.52961350043084,66.99262540281164,67.93211972412414,67.89946839244894,65.21412392638594,66.62768660759393,69.63219523425907,66.63871876090575,68.62861668810889,62.82072349113761,67.83142752212564,67.0514077907762,72.03953328419524,69.5126214347855,68.61938096463155,71.45404244139432,66.79800813841575,63.99985353757545,65.50501234007828,63.621969001599126,68.4859176383622
67.74047689825031,69.81186420939498,68.46757494212542,68.43696941584265,69.99950944409684,69.6174261437321,63.76737583316572,65.52781457530834,65.42614948000366,64.77589687949212,67.30577784816177,66.87761740576497,67.88821762095864,67.40552921785553,66.60755114506911,75.0,63.249320842143185,67.71352903789958,66.46345706563088,64.70214078423234,67.49150623468745,71.29567174039963,67.13011520689157,70.66487176542265,67.16256940166033,66.35100117034747,70.60304467932033,66.01672888475629,62.19931063444643,64.84027732545779,68.01361118355233,69.4681871297131,65.64380887126687,66.46418563010272,65.6060935831138,65.56053321466989,68.50916663372396,69.51234304263492,65.16487184038003,70.33257804555315,66.63016193500405
68.10612795782339,67.90599511352654,64.63381021975958,68.99011350737032,73.91698043073578,65.71227767637075,65.86434554515397,65.86791511598105,66.08890629117263,69.77577169309394,70.19417996466538,63.906264989319354,64.6191876960615,65.01060518298306,66.96194459918738,73.00352965774339,68.06635416580417,70.02237775912096,65.51994017337391,72.96672371617825,66.21854248277253,68.45925053694219,66.95340763075406,70.13832804475857,70.23016988276733,66.55981378110438,69.86029863510238,69.63573781120704,65.01350623723876,67.71932820189681,67.93266100170004,65.80211445132778,67.90869743857814,72.00767327975582,71.9854548800208,68.87655185487668,69.45530448141395,67.43775947441169,64.7283658223577,67.80105868260725,70.90980350057174
71.23853377479112,70.0809495405954,69.87740521417288,66.32218958710445,67.77178058440255,67.84831607415981,65.8012932643711,70.5055774714652,66.61563697517565,66.02608026579856,64.40049207034805,64.18858788342447,66.82151651927884,71.17493302914751,69.64113581477201,68.22780988916873,70.76889630665127,68.1210441557954,67.9012810647372,69.3778972331801,66.29634847055914,69.12883403052119,69.08888969858833,64.12192182008464,66.99445444885758,68.43048494697351,69.12298579403118,65.22006266668043,63.10649172869504,67.0706930197984,67.58776752267846,62.96006434294368,67.98599969904456,68.20205113741558,65.29510249800128,68.22584903632803,64.71345332519668,67.59007135347885,64.84000064714732,63.97360667911313,67.9900447895191
